{
  "A fresh verification link has been sent to your email address.": "Na vaši e-mailovou adresu byl odeslán nový ověřovací odkaz.",
  "All rights reserved.": "Všechna práva vyhrazena.",
  "Before proceeding, please check your email for a verification link.": "Než budete pokračovat, zkontrolujte prosím svůj e-mail pro ověřovací odkaz.",
  "click here to request another": "klikněte zde a vyžádejte si další",
  "Confirm Password": "Kontrola hesla",
  "E-Mail Address": "E-mailová adresa",
  "Forbidden": "Zakázáno",
  "Forgot Your Password?": "Zapomněli jste heslo?",
  "Go Home": "Domů",
  "Hello!": "Zdravíme!",
  "If you did not create an account, no further action is required.": "Pokud jste nevytvořili účet, není třeba provádět žádné další akce.",
  "If you did not receive the email": "Pokud jste zprávu neobdrželi",
  "If you did not request a password reset, no further action is required.": "Pokud jste nežádali o obnovení hesla, zprávu smažte. Původní heslo zůstalo beze změny.",
  "If you’re having trouble clicking the \":actionText\" button, copy and paste the URL below\ninto your web browser:": "Pokud máte potíže s klepnutím na tlačítko \":actionText\", zkopírujte a vložte\nníže uvedenou adresu URL do vašeho webového prohlížeče:",
  "Invalid signature.": "Neplatný podpis.",
  "Login": "Přihlášení",
  "Logout": "Odlášení",
  "Name": "Jméno",
  "Not Found": "Nenalezeno",
  "Oh no": "Ach to ne",
  "Page Expired": "Seite abgelaufen",
  "Password": "Heslo",
  "Please click the button below to verify your email address.": "Klepnutím na tlačítko níže ověřte svou e-mailovou adresu.",
  "Regards": "S pozdravem",
  "Register": "Registrace",
  "Remember Me": "Zapamatovat",
  "Reset Password": "Obnovit heslo",
  "Reset Password Notification": "Požadavek na obnovení hesla",
  "Send Password Reset Link": "Poslat odkaz pro obnovení hesla",
  "Server Error": "Chyba serveru",
  "Service Unavailable": "Služba je nedostupná",
  "This action is unauthorized.": "Pro tuto akci nemáte oprávnění.",
  "This password reset link will expire in :count minutes.": "Tento odkaz na obnovení hesla vyprší za :count minut.",
  "Toggle navigation": "Přepnout navigaci",
  "Too Many Attempts.": "Příliš mnoho pokusů.",
  "Too Many Requests": "Příliš mnoho požadavků",
  "Unauthorized": "Neautorizováno",
  "Verify Email Address": "Ověřte e-mailovou adresu",
  "Verify Your Email Address": "Ověřte svou e-mailovou adresu",
  "You are receiving this email because we received a password reset request for your account.": "Tato zpráva vám byla doručena na základě žádosti pro obnovení hesla.",
  "Your email address is not verified.": "Váše emailová adresa není ověřena.",
  "Whoops!": "Jejda!"
}
