{
  "A fresh verification link has been sent to your email address.": "Link weryfikacyjny został wysłany na twój adres email.",
  "All rights reserved.": "Wszelkie prawa zastrzeżone",
  "Before proceeding, please check your email for a verification link.": "Zanim przejdziesz dalej, sprawdź swój adres email po link weryfikacyjny.",
  "click here to request another": "kliknij tutaj, aby poprosić ponownie",
  "Confirm Password": "Potwierdź hasło",
  "E-Mail Address": "Adres e-mail",
  "Error": "Błąd",
  "Forbidden": "Zabronione",
  "Forgot Your Password?": "Nie pamiętasz hasła?",
  "Go Home": "Przejdź do strony głównej",
  "Hello!": "Cześć!",
  "hi": "hej",
  "If you did not create an account, no further action is required.": "Jeśli nie stworzyłeś konta, zignoruj tę wiadomość.",
  "If you did not receive the email": "Jeśli nie otrzymałeś(aś) emaila",
  "If you did not request a password reset, no further action is required.": "Jeśli nie chcesz resetować hasła, zignoruj tę wiadomość.",
  "If you’re having trouble clicking the \":actionText\" button, copy and paste the URL below\ninto your web browser:": "Jeżeli masz problemy z kliknięciem przycisku \":actionText\", skopiuj i wklej poniższy adres w pasek przeglądarki:",
  "Invalid signature.": "Nieprawidłowy podpis.",
  "Login": "Zaloguj się",
  "Logout": "Wyloguj się",
  "Name": "Imię i nazwisko",
  "Not Found": "Nie znaleziono",
  "Oh no": "O nie",
  "Page Expired": "Strona wygasła",
  "Page Not Found": "Nie znaleziono takiej strony",
  "Password": "Hasło",
  "Please click the button below to verify your email address.": "Kliknij poniższy przycisk aby zweryfikować swój adres email.",
  "Please confirm your password before continuing.": "Aby kontynuować, potwierdź swoje hasło.",
  "Regards": "Z poważaniem",
  "Register": "Zarejestruj się",
  "Remember Me": "Zapamiętaj mnie",
  "Reset Password Notification": "Zresetuj hasło",
  "Reset Password": "Zresetuj hasło",
  "Send Password Reset Link": "Wyślij link resetujący hasło",
  "Server Error": "Błąd serwera",
  "Service Unavailable": "Serwis niedostępny",
  "Sorry, the page you are looking for could not be found.": "Przepraszamy, strona której szukasz nie została znaleziona.",
  "Sorry, we are doing some maintenance. Please check back soon.": "Przepraszamy, trwają pracę nad stroną. Sprawdź ponownie później.",
  "Sorry, you are forbidden from accessing this page.": "Przepraszamy, nie masz dostępu do tej strony.",
  "Sorry, you are making too many requests to our servers.": "Przepraszamy, wykonujesz za dużo zapytań do naszych serwerów.",
  "Sorry, you are not authorized to access this page.": "Przepraszamy, nie jesteś uprawniony do dostępu do tej strony.",
  "Sorry, your session has expired. Please refresh and try again.": "Przepraszamy, sesja wygasła. Odśwież i spróbuj ponownie.",
  "This action is unauthorized.": "To działanie nie zostało autoryzowane.",
  "This password reset link will expire in :count minutes.": "Link do resetowania hasła wygaśnie za :count minut.",
  "Toggle navigation": "Przełącz nawigację",
  "Too Many Attempts.": "Za dużo prób.",
  "Too Many Requests": "Za dużo zapytań",
  "Unauthorized": "Nieautoryzowany dostęp",
  "Verify Email Address": "Zweryfikuj adres email",
  "Verify Your Email Address": "Zweryfikuj swój adres email",
  "We won't ask for your password again for a few hours.": "Nie będziemy prosić o kolejne hasło przez kilka następnych godzin.",
  "Whoops!": "Ups!",
  "Whoops, something went wrong on our servers.": "Ups! Coś poszło nie tak na naszych serwerach.",
  "You are receiving this email because we received a password reset request for your account.": "Otrzymujesz ten e-mail, ponieważ otrzymaliśmy prośbę o zresetowanie hasła dla Twojego konta.",
  "Your email address is not verified.": "Twój adres e-mail nie jest zweryfikowany."
}
